{"Basic Information":{"Username":"oud.a2","Name":"","Creation Date":"2014-02-05 02:36:29 UTC"},"Device Information":{"Make":"","Model ID":"","Model Name":"","User Agent":"","Language":"","OS Type":"","OS Version":"","Connection Type":""},"Device History":[],"Privacy Policy and Terms of Service Acceptance History":[],"Custom Creative Tools Terms":[],"Login History":[{"IP":"47.230.41.3","Country":"US","Created":"2022-11-12 03:31:51 UTC","Status":"success","Device":"Mozilla/5.0 (iPhone; CPU iPhone OS 15_7 like Mac OS X) AppleWebKit/605.1.15 (KHTML, like Gecko) GSA/236.0.484392333 Mobile/15E148 Safari/604.1"}],"Family Center":[]}