{"Friends":[{"Username":"samiforever25","Display Name":"","Creation Timestamp":"2014-07-27 10:39:40 UTC","Last Modified Timestamp":"2014-07-27 10:39:40 UTC","Source":"added by unknown"},{"Username":"oud.a2","Display Name":"","Creation Timestamp":"2014-02-05 02:38:20 UTC","Last Modified Timestamp":"2014-02-05 02:38:20 UTC","Source":"added by unknown"},{"Username":"teamsnapchat","Display Name":"Team Snapchat","Creation Timestamp":"2014-02-05 02:38:20 UTC","Last Modified Timestamp":"2022-10-12 12:25:35 UTC","Source":"added by unknown"},{"Username":"fani0922","Display Name":"Fany Garcia❤️","Creation Timestamp":"2014-07-31 06:35:45 UTC","Last Modified Timestamp":"2014-07-31 06:35:45 UTC","Source":"added by unknown"}],"Friend Requests Sent":[],"Blocked Users":[],"Deleted Friends":[{"Username":"savanah246","Display Name":"","Creation Timestamp":"2014-06-26 01:02:50 UTC","Last Modified Timestamp":"2014-06-26 01:02:50 UTC","Source":"added by unknown"},{"Username":"riolive2014","Display Name":"Rio Live","Creation Timestamp":"2014-07-14 11:46:06 UTC","Last Modified Timestamp":"2014-07-14 11:46:06 UTC","Source":"added by unknown"},{"Username":"softball_011","Display Name":"","Creation Timestamp":"2014-02-05 02:45:53 UTC","Last Modified Timestamp":"2014-02-05 02:45:53 UTC","Source":"added by unknown"},{"Username":"v_parra42","Display Name":"","Creation Timestamp":"2014-06-26 06:28:54 UTC","Last Modified Timestamp":"2014-06-26 06:28:54 UTC","Source":"added by unknown"},{"Username":"mariefungkesha","Display Name":"","Creation Timestamp":"2014-06-26 06:55:31 UTC","Last Modified Timestamp":"2014-06-26 06:55:31 UTC","Source":"added by unknown"}],"Hidden Friend Suggestions":[],"Ignored Snapchatters":[],"Pending Requests":[],"Shortcuts":[]}